nbyg,01101110011000100111100101100111
lydv,01101100011110010110010001110110
euds,01100101011101010110010001110011
kzvi,01101011011110100111011001101001
kjuj,01101011011010100111010101101010
vent,01110110011001010110111001110100
zabv,01111010011000010110001001110110
mqtm,01101101011100010111010001101101
nenz,01101110011001010110111001111010
yaiy,01111001011000010110100101111001
uwbf,01110101011101110110001001100110
wvxz,01110111011101100111100001111010
gkbs,01100111011010110110001001110011
fzca,01100110011110100110001101100001
dejt,01100100011001010110101001110100
uzje,01110101011110100110101001100101
ykab,01111001011010110110000101100010
dlyd,01100100011011000111100101100100
mjlb,01101101011010100110110001100010
wqrk,01110111011100010111001001101011
qqxx,01110001011100010111100001111000
ncwd,01101110011000110111011101100100
nuky,01101110011101010110101101111001
hqpm,01101000011100010111000001101101
nrri,01101110011100100111001001101001
xcfw,01111000011000110110011001110111
eobf,01100101011011110110001001100110
ygkf,01111001011001110110101101100110
mooi,01101101011011110110111101101001
tvlc,01110100011101100110110001100011
pgrd,01110000011001110111001001100100
eylz,01100101011110010110110001111010
rlqr,01110010011011000111000101110010
yoep,01111001011011110110010101110000
ncmn,01101110011000110110110101101110
gmlz,01100111011011010110110001111010
yoly,01111001011011110110110001111001
ekyn,01100101011010110111100101101110
lccg,01101100011000110110001101100111
wiez,01110111011010010110010101111010
gvje,01100111011101100110101001100101
asdo,01100001011100110110010001101111
wtti,01110111011101000111010001101001
tovy,01110100011011110111011001111001
wloi,01110111011011000110111101101001
ubeg,01110101011000100110010101100111
rcil,01110010011000110110100101101100
cyze,01100011011110010111101001100101
tezd,01110100011001010111101001100100
vzmb,01110110011110100110110101100010
mbba,01101101011000100110001001100001
uzcx,01110101011110100110001101111000
izav,01101001011110100110000101110110
ngld,01101110011001110110110001100100
yaqq,01111001011000010111000101110001
vyrm,01110110011110010111001001101101
atix,01100001011101000110100101111000
aboa,01100001011000100110111101100001
muhd,01101101011101010110100001100100
qbix,01110001011000100110100101111000
uumx,01110101011101010110110101111000
saab,01110011011000010110000101100010
oxly,01101111011110000110110001111001
mhfg,01101101011010000110011001100111
ruhu,01110010011101010110100001110101
igrj,01101001011001110111001001101010
ewcb,01100101011101110110001101100010
faop,01100110011000010110111101110000
wndv,01110111011011100110010001110110
vcxy,01110110011000110111100001111001
kvjx,01101011011101100110101001111000
pdae,01110000011001000110000101100101
bbig,01100010011000100110100101100111
apvc,01100001011100000111011001100011
lzgp,01101100011110100110011101110000
fuua,01100110011101010111010101100001
fxnu,01100110011110000110111001110101
lkxu,01101100011010110111100001110101
hzfy,01101000011110100110011001111001
gina,01100111011010010110111001100001
fpco,01100110011100000110001101101111
luno,01101100011101010110111001101111
zyhb,01111010011110010110100001100010
isvb,01101001011100110111011001100010
zinu,01111010011010010110111001110101
iznf,01101001011110100110111001100110
ubrm,01110101011000100111001001101101
qpdn,01110001011100000110010001101110
kicb,01101011011010010110001101100010
gqll,01100111011100010110110001101100
mefy,01101101011001010110011001111001
esvi,01100101011100110111011001101001
lbrg,01101100011000100111001001100111
edtu,01100101011001000111010001110101
wces,01110111011000110110010101110011
gpzs,01100111011100000111101001110011
jctk,01101010011000110111010001101011
ifli,01101001011001100110110001101001
nlod,01101110011011000110111101100100
gbif,01100111011000100110100101100110
bmio,01100010011011010110100101101111
nift,01101110011010010110011001110100
